{
  "fine_tuned_wer": 0.8213173119715176,
  "baseline_wer": 5.1526479750778815,
  "improvement": 0.8406028675073415,
  "fine_tuned_cer": 1.0699282786885247,
  "baseline_cer": 6.766342213114754
}