{
  "fine_tuned_wer": 1.6666666666666667,
  "baseline_wer": 11.047619047619047,
  "improvement": 0.8491379310344828,
  "fine_tuned_cer": 5.676056338028169,
  "baseline_cer": 17.47887323943662
}