{
  "fine_tuned_wer": 1.8181818181818181,
  "baseline_wer": 1.0,
  "improvement": -0.8181818181818181,
  "fine_tuned_cer": 155.44827586206895,
  "baseline_cer": 1.0
}