{
  "overall_wer": 4.126984126984127,
  "overall_cer": 5.2463235294117645,
  "num_samples": 10,
  "error_analysis": {
    "by_contest_type": {
      "FIELD_DAY": {
        "avg_wer": 1.0,
        "count": 1
      },
      "SPRINT": {
        "avg_wer": 37.666666666666664,
        "count": 3
      },
      "SWEEPSTAKES": {
        "avg_wer": 1.0,
        "count": 1
      },
      "CQWPX": {
        "avg_wer": 3.2222222222222228,
        "count": 3
      },
      "CQWW": {
        "avg_wer": 1.0,
        "count": 1
      },
      "IARU": {
        "avg_wer": 10.571428571428571,
        "count": 1
      }
    },
    "by_wpm": {
      "25-29": {
        "avg_wer": 1.0,
        "count": 5
      },
      "20-24": {
        "avg_wer": 1.0,
        "count": 1
      },
      "15-19": {
        "avg_wer": 32.55952380952381,
        "count": 4
      }
    },
    "by_condition": {
      "contest_good": {
        "avg_wer": 1.0,
        "count": 1
      },
      "clean": {
        "avg_wer": 37.666666666666664,
        "count": 3
      },
      "contest_poor": {
        "avg_wer": 3.392857142857143,
        "count": 4
      },
      "contest_moderate": {
        "avg_wer": 1.0,
        "count": 1
      },
      "dx_expedition": {
        "avg_wer": 7.666666666666667,
        "count": 1
      }
    },
    "callsign_errors": [
      {
        "reference": "WB0?",
        "prediction": "Beep"
      },
      {
        "reference": "JI4FED",
        "prediction": "\u10da\u10da\u10da\u10da\u10da\u10da\u10da\u10da\u10da\u10da\u10da\u10da\u10da\u10da\u10da\u10da\u10da\u10da\u10da\u10da\u10da\u10da\u10da\u10da\u10da\u10da\u10da\u10da\u10da\u10da\u10da\u10da\u10da\u10da\u10da\u10da\u10da\u10da\u10da\u10da\u10da\u10da\u10da\u10da\u10da\u10da\u10da\u10da\u10da\u10da\u10da\u10da\u10da\u10da\u10da\u10da\u10da\u10da\u10da\u10da\u10da\u10da\u10da\u10da\u10da\u10da\u10da\u10da\u10da\u10da\u10da\u10da\u10da\ufffd"
      },
      {
        "reference": "M07AN",
        "prediction": "\u10da\u10da\u10da\u10da\u10da\u10da\u10da\u10da\u10da\u10da\u10da\u10da\u10da\u10da\u10da\u10da\u10da\u10da\u10da\u10da\u10da\u10da\u10da\u10da\u10da\u10da\u10da\u10da\u10da\u10da\u10da\u10da\u10da\u10da\u10da\u10da\u10da\u10da\u10da\u10da\u10da\u10da\u10da\u10da\u10da\u10da\u10da\u10da\u10da\u10da\u10da\u10da\u10da\u10da\u10da\u10da\u10da\u10da\u10da\u10da\u10da\u10da\u10da\u10da\u10da\u10da\u10da\u10da\u10da\u10da\u10da\u10da\u10da\ufffd"
      },
      {
        "reference": "JD3SF",
        "prediction": "\u10da"
      },
      {
        "reference": "JD3SF",
        "prediction": "\u10da"
      },
      {
        "reference": "JD3SF",
        "prediction": "\u10da"
      },
      {
        "reference": "DI5GB",
        "prediction": "\u10da\u10da\u10da\u10da\u10da\u10da\u10da\u10da\u10da\u10da\u10da\u10da\u10da\u10da\u10da\u10da\u10da\u10da\u10da\u10da\u10da\u10da\u10da\u10da\u10da\u10da\u10da\u10da\u10da\u10da\u10da\u10da\u10da\u10da\u10da\u10da\u10da\u10da\u10da\u10da\u10da\u10da\u10da\u10da\u10da\u10da\u10da\u10da\u10da\u10da\u10da\u10da\u10da\u10da\u10da\u10da\u10da\u10da\u10da\u10da\u10da\u10da\u10da\u10da\u10da\u10da\u10da\u10da\u10da\u10da\u10da\u10da\u10da\ufffd"
      },
      {
        "reference": "JS0RQ",
        "prediction": "\u0dc0\u0dc0\u0dc0\u0dc0\u0dc0\u0dc0"
      },
      {
        "reference": "EB5QMG",
        "prediction": "\u0dc0\u0dc0\u0dc0\u0dc0\u0dc0\u0dc0\u0dc0\u0dc0\u0dc0\u0dc0\u0dc0\u0dc0\u0dc0\u0dc0\u0dc0\u0dc0\u0dc0\u0dc0\u0dc0\u0dc0\u0dc0\u0dc0\u0dc0\u0dc0\u0dc0\u0dc0\u0dc0\u0dc0\u0dc0\u0dc0\u0dc0\u0dc0\u0dc0\u0dc0\u0dc0\u0dc0\u0dc0\u0dc0\u0dc0\u0dc0\u0dc0\u0dc0\u0dc0\u0dc0\u0dc0\u0dc0\u0dc0\u0dc0\u0dc0\u0dc0\u0dc0\u0dc0\u0dc0\u0dc0\u0dc0\u0dc0\u0dc0\u0dc0\u0dc0\u0dc0\u0dc0\u0dc0\u0dc0\u0dc0\u0dc0\u0dc0\u0dc0\u0dc0\u0dc0\u0dc0\u0dc0\u0dc0\u0dc0\u0dc0\u0dc0\u0dc0\u0dc0\u0dc0\u0dc0\u0dc0\u0dc0\u0dc0\u0dc0\u0dc0\u0dc0\u0dc0\u0dc0\u0dc0\u0dc0\u0dc0\u0dc0\u0dc0\u0dc0\u0dc0\u0dc0\u0dc0\u0dc0\u0dc0\u0dc0\u0dc0\u0dc0\u0dc0\u0dc0\u0dc0\u0dc0\u0dc0\u0dc0\u0dc0\u0dc0\u0dc0"
      }
    ],
    "number_errors": [
      {
        "reference": "599",
        "prediction": "\u0dc0\u0dc0\u0dc0\u0dc0\u0dc0"
      },
      {
        "reference": "4677",
        "prediction": "\u0dc0\u0dc0\u0dc0\u0dc0\u0dc0\u0dc0"
      }
    ],
    "common_substitutions": {
      "CQ \u2192 \u10da": 3,
      "JD3SF \u2192 \u10da": 3,
      "TEST \u2192 \u10da\u10da\u10da\u10da\u10da\u10da\u10da\u10da\u10da\u10da\u10da\u10da\u10da\u10da\u10da\u10da\u10da\u10da\u10da\u10da\u10da\u10da\u10da\u10da\u10da\u10da\u10da\u10da\u10da\u10da\u10da\u10da\u10da\u10da\u10da\u10da\u10da\u10da\u10da\u10da\u10da\u10da\u10da\u10da\u10da\u10da\u10da\u10da\u10da\u10da\u10da\u10da\u10da\u10da\u10da\u10da\u10da\u10da\u10da\u10da\u10da\u10da\u10da\u10da\u10da\u10da\u10da\u10da\u10da\u10da\u10da\u10da\u10da\ufffd": 1,
      "CQ \u2192 \u10da\u10da\u10da\u10da\u10da\u10da\u10da\u10da\u10da\u10da\u10da\u10da\u10da\u10da\u10da\u10da\u10da\u10da\u10da\u10da\u10da\u10da\u10da\u10da\u10da\u10da\u10da\u10da\u10da\u10da\u10da\u10da\u10da\u10da\u10da\u10da\u10da\u10da\u10da\u10da\u10da\u10da\u10da\u10da\u10da\u10da\u10da\u10da\u10da\u10da\u10da\u10da\u10da\u10da\u10da\u10da\u10da\u10da\u10da\u10da\u10da\u10da\u10da\u10da\u10da\u10da\u10da\u10da\u10da\u10da\u10da\u10da\u10da\ufffd": 1,
      "WB0? \u2192 Beep": 1,
      "JI4FED \u2192 \u10da\u10da\u10da\u10da\u10da\u10da\u10da\u10da\u10da\u10da\u10da\u10da\u10da\u10da\u10da\u10da\u10da\u10da\u10da\u10da\u10da\u10da\u10da\u10da\u10da\u10da\u10da\u10da\u10da\u10da\u10da\u10da\u10da\u10da\u10da\u10da\u10da\u10da\u10da\u10da\u10da\u10da\u10da\u10da\u10da\u10da\u10da\u10da\u10da\u10da\u10da\u10da\u10da\u10da\u10da\u10da\u10da\u10da\u10da\u10da\u10da\u10da\u10da\u10da\u10da\u10da\u10da\u10da\u10da\u10da\u10da\u10da\u10da\ufffd": 1,
      "CQ \u2192 \u0dc0\u0dc0\u0dc0\u0dc0\u0dc0\u0dc0\u0dc0\u0dc0\u0dc0\u0dc0\u0dc0\u0dc0\u0dc0\u0dc0\u0dc0\u0dc0\u0dc0\u0dc0\u0dc0\u0dc0\u0dc0\u0dc0\u0dc0\u0dc0\u0dc0\u0dc0\u0dc0\u0dc0\u0dc0\u0dc0\u0dc0\u0dc0\u0dc0\u0dc0\u0dc0\u0dc0\u0dc0\u0dc0\u0dc0\u0dc0\u0dc0\u0dc0\u0dc0\u0dc0\u0dc0\u0dc0\u0dc0\u0dc0\u0dc0\u0dc0\u0dc0\u0dc0\u0dc0\u0dc0\u0dc0\u0dc0\u0dc0\u0dc0\u0dc0\u0dc0\u0dc0\u0dc0\u0dc0\u0dc0\u0dc0\u0dc0\u0dc0\u0dc0\u0dc0\u0dc0\u0dc0\u0dc0\u0dc0\u0dc0\u0dc0\u0dc0\u0dc0\u0dc0\u0dc0\u0dc0\u0dc0\u0dc0\u0dc0\u0dc0\u0dc0\u0dc0\u0dc0\u0dc0\u0dc0\u0dc0\u0dc0\u0dc0\u0dc0\u0dc0\u0dc0\u0dc0\u0dc0\u0dc0\u0dc0\u0dc0\u0dc0\u0dc0\u0dc0\u0dc0\u0dc0\u0dc0\u0dc0\u0dc0\u0dc0\u0dc0": 1,
      "M07AN \u2192 \u10da\u10da\u10da\u10da\u10da\u10da\u10da\u10da\u10da\u10da\u10da\u10da\u10da\u10da\u10da\u10da\u10da\u10da\u10da\u10da\u10da\u10da\u10da\u10da\u10da\u10da\u10da\u10da\u10da\u10da\u10da\u10da\u10da\u10da\u10da\u10da\u10da\u10da\u10da\u10da\u10da\u10da\u10da\u10da\u10da\u10da\u10da\u10da\u10da\u10da\u10da\u10da\u10da\u10da\u10da\u10da\u10da\u10da\u10da\u10da\u10da\u10da\u10da\u10da\u10da\u10da\u10da\u10da\u10da\u10da\u10da\u10da\u10da\ufffd": 1,
      "DE \u2192 \u10da": 1,
      "DI5GB \u2192 \u10da\u10da\u10da\u10da\u10da\u10da\u10da\u10da\u10da\u10da\u10da\u10da\u10da\u10da\u10da\u10da\u10da\u10da\u10da\u10da\u10da\u10da\u10da\u10da\u10da\u10da\u10da\u10da\u10da\u10da\u10da\u10da\u10da\u10da\u10da\u10da\u10da\u10da\u10da\u10da\u10da\u10da\u10da\u10da\u10da\u10da\u10da\u10da\u10da\u10da\u10da\u10da\u10da\u10da\u10da\u10da\u10da\u10da\u10da\u10da\u10da\u10da\u10da\u10da\u10da\u10da\u10da\u10da\u10da\u10da\u10da\u10da\u10da\ufffd": 1,
      "JS0RQ \u2192 \u0dc0\u0dc0\u0dc0\u0dc0\u0dc0\u0dc0": 1,
      "599 \u2192 \u0dc0\u0dc0\u0dc0\u0dc0\u0dc0": 1,