{
  "fine_tuned_wer": 0.9364589759407773,
  "baseline_wer": 6.132017273288094,
  "improvement": 0.8472837022132798,
  "fine_tuned_cer": 0.863005943956977,
  "baseline_cer": 7.93051231248231
}